Class,Label,Cluster,Most_Similar_Image_Path,Key_Words,Info
Monuments,Charar-E- Sharif,1,../Image Data/Monuments/train/Charar-E- Sharif/63 - Copy.jpg,"kashmir, Charar-E- Sharif, sufi shrine, muslim pilgrimage, wooden architecture, islamic heritage, sufi saints, religious harmony, historical monument, religious tolerance, cultural icon, spiritual site, muslim architecture, sufi culture, sufi tradition, sufi music, sufi poetry, sufi mysticism, sufi teachings, sufi practices, sufi rituals","Charar-e-Sharief (also spelled Charar-i-Sharief, Charari Sharief, Chrari-Sharif, etc.) is a Sufi Muslim shrine and mosque situated in the town of Charari Sharief in Budgam district of Jammu and Kashmir union territory, India."
Monuments,Charar-E- Sharif,3,../Image Data/Monuments/train/Charar-E- Sharif/16.jpg,"kashmir, Charar-E- Sharif, sufi shrine, muslim pilgrimage, wooden architecture, islamic heritage, sufi saints, religious harmony, historical monument, religious tolerance, cultural icon, spiritual site, muslim architecture, sufi culture, sufi tradition, sufi music, sufi poetry, sufi mysticism, sufi teachings, sufi practices, sufi rituals","Charar-e-Sharief (also spelled Charar-i-Sharief, Charari Sharief, Chrari-Sharif, etc.) is a Sufi Muslim shrine and mosque situated in the town of Charari Sharief in Budgam district of Jammu and Kashmir union territory, India."
Monuments,Charar-E- Sharif,0,../Image Data/Monuments/train/Charar-E- Sharif/77 - Copy.jpg,"kashmir, Charar-E- Sharif,sufi shrine, muslim pilgrimage, wooden architecture, islamic heritage, sufi saints, religious harmony, historical monument, religious tolerance, cultural icon, spiritual site, muslim architecture, sufi culture, sufi tradition, sufi music, sufi poetry, sufi mysticism, sufi teachings, sufi practices, sufi rituals","Charar-e-Sharief (also spelled Charar-i-Sharief, Charari Sharief, Chrari-Sharif, etc.) is a Sufi Muslim shrine and mosque situated in the town of Charari Sharief in Budgam district of Jammu and Kashmir union territory, India."
Monuments,Charar-E- Sharif,2,../Image Data/Monuments/train/Charar-E- Sharif/74.jpg,"kashmir, Charar-E- Sharif, sufi shrine, muslim pilgrimage, wooden architecture, islamic heritage, sufi saints, religious harmony, historical monument, religious tolerance, cultural icon, spiritual site, muslim architecture, sufi culture, sufi tradition, sufi music, sufi poetry, sufi mysticism, sufi teachings, sufi practices, sufi rituals","Charar-e-Sharief (also spelled Charar-i-Sharief, Charari Sharief, Chrari-Sharif, etc.) is a Sufi Muslim shrine and mosque situated in the town of Charari Sharief in Budgam district of Jammu and Kashmir union territory, India."
Monuments,basilica_of_bom_jesus,0,../Image Data/Monuments/train/basilica_of_bom_jesus/16.jpg,"goa, basilica_of_bom_jesus, roman catholic basilica, baroque architecture, unesco world heritage site, st. francis xavier, relics, sacred art, jesuit church, indian christianity, spiritual site, portuguese india, 17th century, pilgrimage site, religious monument, architectural grandeur, cultural intermix, heritage preservation, western ghats, tourism landmark, ecclesiastical history","The Basilica of Bom Jesus (Portuguese: Basílica do Bom Jesus; Konkani: Borea Jezuchi Bajilika) is a Catholic basilica located in Goa, in the Konkan region of India. The iconic church is a pilgrimage centre and recognised by UNESCO as a World Heritage Site"
Monuments,basilica_of_bom_jesus,1,../Image Data/Monuments/train/basilica_of_bom_jesus/21.jpg,"goa, basilica_of_bom_jesus, roman catholic basilica, baroque architecture, unesco world heritage site, st. francis xavier, relics, sacred art, jesuit church, indian christianity, spiritual site, portuguese india, 17th century, pilgrimage site, religious monument, architectural grandeur, cultural intermix, heritage preservation, western ghats, tourism landmark, ecclesiastical history","The Basilica of Bom Jesus (Portuguese: Basílica do Bom Jesus; Konkani: Borea Jezuchi Bajilika) is a Catholic basilica located in Goa, in the Konkan region of India. The iconic church is a pilgrimage centre and recognised by UNESCO as a World Heritage Site"
Monuments,basilica_of_bom_jesus,3,../Image Data/Monuments/train/basilica_of_bom_jesus/43.jpg,"goa, basilica_of_bom_jesus, roman catholic basilica, baroque architecture, unesco world heritage site, st. francis xavier, relics, sacred art, jesuit church, indian christianity, spiritual site, portuguese india, 17th century, pilgrimage site, religious monument, architectural grandeur, cultural intermix, heritage preservation, western ghats, tourism landmark, ecclesiastical history","The Basilica of Bom Jesus (Portuguese: Basílica do Bom Jesus; Konkani: Borea Jezuchi Bajilika) is a Catholic basilica located in Goa, in the Konkan region of India. The iconic church is a pilgrimage centre and recognised by UNESCO as a World Heritage Site"
Monuments,basilica_of_bom_jesus,2,../Image Data/Monuments/train/basilica_of_bom_jesus/8.jpg,"goa, basilica_of_bom_jesus, roman catholic basilica, baroque architecture, unesco world heritage site, st. francis xavier, relics, sacred art, jesuit church, indian christianity, spiritual site, portuguese india, 17th century, pilgrimage site, religious monument, architectural grandeur, cultural intermix, heritage preservation, western ghats, tourism landmark, ecclesiastical history","The Basilica of Bom Jesus (Portuguese: Basílica do Bom Jesus; Konkani: Borea Jezuchi Bajilika) is a Catholic basilica located in Goa, in the Konkan region of India. The iconic church is a pilgrimage centre and recognised by UNESCO as a World Heritage Site"
Monuments,victoria memorial,0,../Image Data/Monuments/train/victoria memorial/185.jpg,"Kolkata, victoria memorial, british raj, queen victoria, memorial museum, british architecture, historical landmark, colonial heritage, victorian era, british monarchy, royal memorial, british empire, historical monument, landmark structure, indian history, colonial legacy, british rule, indian heritage, historical site, cultural symbol, victorian art","The Victoria Memorial is a large marble monument on the Maidan in Central Kolkata, having its entrance on the Queen's Way. It was built between 1906 and 1921 by the Government of India. It is dedicated to the memory of Queen Victoria, the Empress of India from 1876 to 1901"
Monuments,victoria memorial,2,../Image Data/Monuments/train/victoria memorial/167.jpg,"Kolkata, victoria memorial, british raj, queen victoria, memorial museum, british architecture, historical landmark, colonial heritage, victorian era, british monarchy, royal memorial, british empire, historical monument, landmark structure, indian history, colonial legacy, british rule, indian heritage, historical site, cultural symbol, victorian art","The Victoria Memorial is a large marble monument on the Maidan in Central Kolkata, having its entrance on the Queen's Way. It was built between 1906 and 1921 by the Government of India. It is dedicated to the memory of Queen Victoria, the Empress of India from 1876 to 1901"
Monuments,victoria memorial,1,../Image Data/Monuments/train/victoria memorial/98.jpg,"Kolkata, victoria memorial,british raj, queen victoria, memorial museum, british architecture, historical landmark, colonial heritage, victorian era, british monarchy, royal memorial, british empire, historical monument, landmark structure, indian history, colonial legacy, british rule, indian heritage, historical site, cultural symbol, victorian art","The Victoria Memorial is a large marble monument on the Maidan in Central Kolkata, having its entrance on the Queen's Way. It was built between 1906 and 1921 by the Government of India. It is dedicated to the memory of Queen Victoria, the Empress of India from 1876 to 1901"
Monuments,lotus_temple,1,../Image Data/Monuments/train/lotus_temple/14.jpg,"bahai faith, lotus temple, new delhi, lotus flower, modern architecture, peaceful worship, unity of religion, house of worship, spiritual symbol, lotus petals, prayer hall, community gathering, open to all, religious harmony, architectural wonder, lotus pond, meditative space, interfaith dialogue, spiritual unity, environmental design, lotus sculpture","The Lotus Temple, located in New Delhi, India, is a Baháí House of Worship that was dedicated in December 1986. Notable for its lotus-like shape, it has become a prominent attraction in the city. Like all Baháí Houses of Worship, the Lotus Temple is open to all, regardless of religion or any other qualification."
Monuments,lotus_temple,2,../Image Data/Monuments/train/lotus_temple/18.jpg,"bahai faith, lotus temple, new delhi, lotus flower, modern architecture, peaceful worship, unity of religion, house of worship, spiritual symbol, lotus petals, prayer hall, community gathering, open to all, religious harmony, architectural wonder, lotus pond, meditative space, interfaith dialogue, spiritual unity, environmental design, lotus sculpture","The Lotus Temple, located in New Delhi, India, is a Baháí House of Worship that was dedicated in December 1986. Notable for its lotus-like shape, it has become a prominent attraction in the city. Like all Baháí Houses of Worship, the Lotus Temple is open to all, regardless of religion or any other qualification."
Monuments,lotus_temple,0,../Image Data/Monuments/train/lotus_temple/4.jpg,"bahai faith, lotus temple, new delhi, lotus flower, modern architecture, peaceful worship, unity of religion, house of worship, spiritual symbol, lotus petals, prayer hall, community gathering, open to all, religious harmony, architectural wonder, lotus pond, meditative space, interfaith dialogue, spiritual unity, environmental design, lotus sculpture","The Lotus Temple, located in New Delhi, India, is a Baháí House of Worship that was dedicated in December 1986. Notable for its lotus-like shape, it has become a prominent attraction in the city. Like all Baháí Houses of Worship, the Lotus Temple is open to all, regardless of religion or any other qualification."
Monuments,golden temple,0,../Image Data/Monuments/train/golden temple/65.jpg,"sikhism, golden temple, amritsar, punjab, harmandir sahib, sikh gurus, holy pool, guru granth sahib, sikh community, spiritual pilgrimage, divine music, langar seva, sikh heritage, sikh architecture, sikh culture, religious tolerance, sikh history, sikh identity, sikh principles, sikh tradition, sikh values","The Golden Temple (also known as the Harmandir Sahib ('House of God', Punjabi pronunciation: [ɦəɾᵊmən̪d̪əɾᵊ saɦ()bᵊ]), or the Darbār Sahib, (lit.''exalted court'', [d̪əɾᵊbaɾᵊ saɦ()bᵊ] or Suvaran Mandir) is a gurdwara located in the city of Amritsar, Punjab, India"
Monuments,golden temple,3,../Image Data/Monuments/train/golden temple/images-31.jpeg,"sikhism, golden temple, amritsar, punjab, harmandir sahib, sikh gurus, holy pool, guru granth sahib, sikh community, spiritual pilgrimage, divine music, langar seva, sikh heritage, sikh architecture, sikh culture, religious tolerance, sikh history, sikh identity, sikh principles, sikh tradition, sikh values","The Golden Temple (also known as the Harmandir Sahib ('House of God', Punjabi pronunciation: [ɦəɾᵊmən̪d̪əɾᵊ saɦ()bᵊ]), or the Darbār Sahib, (lit.''exalted court'', [d̪əɾᵊbaɾᵊ saɦ()bᵊ] or Suvaran Mandir) is a gurdwara located in the city of Amritsar, Punjab, India"
Monuments,golden temple,1,../Image Data/Monuments/train/golden temple/images-26 (1).jpeg,"sikhism, golden temple, amritsar, punjab, harmandir sahib, sikh gurus, holy pool, guru granth sahib, sikh community, spiritual pilgrimage, divine music, langar seva, sikh heritage, sikh architecture, sikh culture, religious tolerance, sikh history, sikh identity, sikh principles, sikh tradition, sikh values","The Golden Temple (also known as the Harmandir Sahib ('House of God', Punjabi pronunciation: [ɦəɾᵊmən̪d̪əɾᵊ saɦ()bᵊ]), or the Darbār Sahib, (lit.''exalted court'', [d̪əɾᵊbaɾᵊ saɦ()bᵊ] or Suvaran Mandir) is a gurdwara located in the city of Amritsar, Punjab, India"
Monuments,golden temple,2,../Image Data/Monuments/train/golden temple/images-47.jpeg,"sikhism, golden temple, amritsar, punjab, harmandir sahib, sikh gurus, holy pool, guru granth sahib, sikh community, spiritual pilgrimage, divine music, langar seva, sikh heritage, sikh architecture, sikh culture, religious tolerance, sikh history, sikh identity, sikh principles, sikh tradition, sikh values","The Golden Temple (also known as the Harmandir Sahib ('House of God', Punjabi pronunciation: [ɦəɾᵊmən̪d̪əɾᵊ saɦ()bᵊ]), or the Darbār Sahib, (lit.''exalted court'', [d̪əɾᵊbaɾᵊ saɦ()bᵊ] or Suvaran Mandir) is a gurdwara located in the city of Amritsar, Punjab, India"
Monuments,tajmahal,2,../Image Data/Monuments/train/tajmahal/21.jpg,"agra, taj mahal, mughal architecture, ivory-white marble, symbol of love, shah jahan, mumtaz mahal, persian influence, mausoleum, unesco world heritage, yamuna river, mughal empire, architectural marvel, eternal love, white domes, charbagh garden, historical monument, architectural symmetry, floral motifs, calligraphy art, cultural icon","The Taj Mahal ('Crown of the Palace') is an ivory-white marble mausoleum on the right bank of the river Yamuna in Agra, Uttar Pradesh, India. It was commissioned in 1631 by the fifth Mughal emperor, Shah Jahan (r.1628,1658) to house the tomb of his beloved wife, Mumtaz Mahal; it also houses the tomb of Shah Jahan himself"
Monuments,tajmahal,1,../Image Data/Monuments/train/tajmahal/gettyimages-1228628226-612x612.jpeg,"agra, taj mahal, mughal architecture, ivory-white marble, symbol of love, shah jahan, mumtaz mahal, persian influence, mausoleum, unesco world heritage, yamuna river, mughal empire, architectural marvel, eternal love, white domes, charbagh garden, historical monument, architectural symmetry, floral motifs, calligraphy art, cultural icon","The Taj Mahal ('Crown of the Palace') is an ivory-white marble mausoleum on the right bank of the river Yamuna in Agra, Uttar Pradesh, India. It was commissioned in 1631 by the fifth Mughal emperor, Shah Jahan (r.1628,1658) to house the tomb of his beloved wife, Mumtaz Mahal; it also houses the tomb of Shah Jahan himself"
Monuments,tajmahal,3,../Image Data/Monuments/train/tajmahal/gettyimages-521476592-612x612.jpeg,"agra, taj mahal, mughal architecture, ivory-white marble, symbol of love, shah jahan, mumtaz mahal, persian influence, mausoleum, unesco world heritage, yamuna river, mughal empire, architectural marvel, eternal love, white domes, charbagh garden, historical monument, architectural symmetry, floral motifs, calligraphy art, cultural icon","The Taj Mahal ('Crown of the Palace') is an ivory-white marble mausoleum on the right bank of the river Yamuna in Agra, Uttar Pradesh, India. It was commissioned in 1631 by the fifth Mughal emperor, Shah Jahan (r.1628,1658) to house the tomb of his beloved wife, Mumtaz Mahal; it also houses the tomb of Shah Jahan himself"
Monuments,tajmahal,0,../Image Data/Monuments/train/tajmahal/pexels-photo-2404427.jpeg,"agra, taj mahal, mughal architecture, ivory-white marble, symbol of love, shah jahan, mumtaz mahal, persian influence, mausoleum, unesco world heritage, yamuna river, mughal empire, architectural marvel, eternal love, white domes, charbagh garden, historical monument, architectural symmetry, floral motifs, calligraphy art, cultural icon","The Taj Mahal ('Crown of the Palace') is an ivory-white marble mausoleum on the right bank of the river Yamuna in Agra, Uttar Pradesh, India. It was commissioned in 1631 by the fifth Mughal emperor, Shah Jahan (r.1628,1658) to house the tomb of his beloved wife, Mumtaz Mahal; it also houses the tomb of Shah Jahan himself"
Monuments,charminar,3,../Image Data/Monuments/train/charminar/(30).jpg,"hyderabad, charminar, telangana, indo-islamic architecture, landmark monument, four minarets, global icon, mosque structure, historical symbol, city of pearls, city symbol, islamic heritage, grand entrance, architectural marvel, historical legacy, cultural heritage, tourist attraction, cityscape view, marketplace, historical site, cultural symbol","The Charminar (lit.'four minarets') is a monument located in Hyderabad, Telangana, India. Constructed in 1591, the landmark is a symbol of Hyderabad and officially incorporated in the emblem of Telangana."
Monuments,charminar,0,../Image Data/Monuments/train/charminar/(195).jpg,"hyderabad, charminar, telangana, indo-islamic architecture, landmark monument, four minarets, global icon, mosque structure, historical symbol, city of pearls, city symbol, islamic heritage, grand entrance, architectural marvel, historical legacy, cultural heritage, tourist attraction, cityscape view, marketplace, historical site, cultural symbol","The Charminar (lit.'four minarets') is a monument located in Hyderabad, Telangana, India. Constructed in 1591, the landmark is a symbol of Hyderabad and officially incorporated in the emblem of Telangana."
Monuments,charminar,1,../Image Data/Monuments/train/charminar/(201).jpg,"hyderabad, telangana, charminar, indo-islamic architecture, landmark monument, four minarets, global icon, mosque structure, historical symbol, city of pearls, city symbol, islamic heritage, grand entrance, architectural marvel, historical legacy, cultural heritage, tourist attraction, cityscape view, marketplace, historical site, cultural symbol","The Charminar (lit.'four minarets') is a monument located in Hyderabad, Telangana, India. Constructed in 1591, the landmark is a symbol of Hyderabad and officially incorporated in the emblem of Telangana."
Monuments,charminar,2,../Image Data/Monuments/train/charminar/(62).jpg,"hyderabad, telangana, charminar, indo-islamic architecture, landmark monument, four minarets, global icon, mosque structure, historical symbol, city of pearls, city symbol, islamic heritage, grand entrance, architectural marvel, historical legacy, cultural heritage, tourist attraction, cityscape view, marketplace, historical site, cultural symbol","The Charminar (lit.'four minarets') is a monument located in Hyderabad, Telangana, India. Constructed in 1591, the landmark is a symbol of Hyderabad and officially incorporated in the emblem of Telangana."
Monuments,Chhota_Imambara,0,../Image Data/Monuments/train/Chhota_Imambara/img22 - Copy.jpg,"lucknow, Chhota Imambara, nawab, shia muslims, imambara mosque, chhota imambara, nawabi architecture, nawabi culture, nawabi heritage, nawabi style, nawabi history, nawabi era, nawabi legacy, nawabi tradition, nawabi palace, nawabi lifestyle, nawabi city, nawabi cuisine, nawabi cuisine, nawabi art, nawabi design","Chota Imambara, also known as Imambara Hussainabad Mubarak is an imposing monument located in the city of Lucknow, Uttar Pradesh, India. It took 54 years to finalize it."
Monuments,Chhota_Imambara,3,../Image Data/Monuments/train/Chhota_Imambara/img36 - Copy.jpg,"lucknow, Chhota Imambara, nawab, shia muslims, imambara mosque, chhota imambara, nawabi architecture, nawabi culture, nawabi heritage, nawabi style, nawabi history, nawabi era, nawabi legacy, nawabi tradition, nawabi palace, nawabi lifestyle, nawabi city, nawabi cuisine, nawabi cuisine, nawabi art, nawabi design","Chota Imambara, also known as Imambara Hussainabad Mubarak is an imposing monument located in the city of Lucknow, Uttar Pradesh, India. It took 54 years to finalize it."
Monuments,Chhota_Imambara,1,../Image Data/Monuments/train/Chhota_Imambara/img41 - Copy.jpg,"lucknow, Chhota Imambara, nawab, shia muslims, imambara mosque, chhota imambara, nawabi architecture, nawabi culture, nawabi heritage, nawabi style, nawabi history, nawabi era, nawabi legacy, nawabi tradition, nawabi palace, nawabi lifestyle, nawabi city, nawabi cuisine, nawabi cuisine, nawabi art, nawabi design","Chota Imambara, also known as Imambara Hussainabad Mubarak is an imposing monument located in the city of Lucknow, Uttar Pradesh, India. It took 54 years to finalize it."
Monuments,Chhota_Imambara,2,../Image Data/Monuments/train/Chhota_Imambara/img46.jpg,"lucknow, nawab, Chhota Imambara, shia muslims, imambara mosque, chhota imambara, nawabi architecture, nawabi culture, nawabi heritage, nawabi style, nawabi history, nawabi era, nawabi legacy, nawabi tradition, nawabi palace, nawabi lifestyle, nawabi city, nawabi cuisine, nawabi cuisine, nawabi art, nawabi design","Chota Imambara, also known as Imambara Hussainabad Mubarak is an imposing monument located in the city of Lucknow, Uttar Pradesh, India. It took 54 years to finalize it."
Monuments,Ellora Caves,2,../Image Data/Monuments/train/Ellora Caves/(32).jpg,"rock-cut architecture, Ellora Caves, aurangabad, unesco world heritage site, buddhist, hindu, jain temples, cave complex, kailasa temple, religious art, sculptural panels, ancient monasteries, bas-relief, indian rock-cut architecture, indological study, pilgrimage site, archaeological heritage, medieval period, cultural synthesis, monolithic shrines, viswakarma cave","Ellora Caves are a multi-religious rock-cut cave complex with inscriptions dating from the period 6th century CE onwards, located in the Aurangabad District of Maharashtra, India."
Monuments,Ellora Caves,0,../Image Data/Monuments/train/Ellora Caves/(74).jpg,"rock-cut architecture, Ellora Caves, aurangabad, unesco world heritage site, buddhist, hindu, jain temples, cave complex, kailasa temple, religious art, sculptural panels, ancient monasteries, bas-relief, indian rock-cut architecture, indological study, pilgrimage site, archaeological heritage, medieval period, cultural synthesis, monolithic shrines, viswakarma cave","Ellora Caves are a multi-religious rock-cut cave complex with inscriptions dating from the period 6th century CE onwards, located in the Aurangabad District of Maharashtra, India."
Monuments,Ellora Caves,3,../Image Data/Monuments/train/Ellora Caves/(44).jpg,"rock-cut architecture, Ellora Caves, aurangabad, unesco world heritage site, buddhist, hindu, jain temples, cave complex, kailasa temple, religious art, sculptural panels, ancient monasteries, bas-relief, indian rock-cut architecture, indological study, pilgrimage site, archaeological heritage, medieval period, cultural synthesis, monolithic shrines, viswakarma cave","Ellora Caves are a multi-religious rock-cut cave complex with inscriptions dating from the period 6th century CE onwards, located in the Aurangabad District of Maharashtra, India."
Monuments,Ellora Caves,1,../Image Data/Monuments/train/Ellora Caves/(56).jpg,"rock-cut architecture, Ellora Caves, aurangabad, unesco world heritage site, buddhist, hindu, jain temples, cave complex, kailasa temple, religious art, sculptural panels, ancient monasteries, bas-relief, indian rock-cut architecture, indological study, pilgrimage site, archaeological heritage, medieval period, cultural synthesis, monolithic shrines, viswakarma cave","Ellora Caves are a multi-religious rock-cut cave complex with inscriptions dating from the period 6th century CE onwards, located in the Aurangabad District of Maharashtra, India."
Monuments,Gateway of India,3,../Image Data/Monuments/train/Gateway of India/88.jpg,"mumbai, india gate, mumbai harbor, basalt arch, 20th-century, british raj, historical monument, indian independence, victory arch, rajpath avenue, landmark structure, tourist attraction, arabian sea, historical gateway, british architecture, colonial legacy, indian heritage, gateway to india, indian tourism, historical site","The Gateway of India is an arch-monument completed in 1924 on the waterfront of Mumbai (Bombay), India. It was erected to commemorate the landing of George V for his coronation as the Emperor of India in December 1911 at Strand Road near Wellington Fountain."
Monuments,Gateway of India,0,../Image Data/Monuments/train/Gateway of India/61.jpg,"mumbai, india gate, mumbai harbor, basalt arch, 20th-century, british raj, historical monument, indian independence, victory arch, rajpath avenue, landmark structure, tourist attraction, arabian sea, historical gateway, british architecture, colonial legacy, indian heritage, gateway to india, indian tourism, historical site","The Gateway of India is an arch-monument completed in 1924 on the waterfront of Mumbai (Bombay), India. It was erected to commemorate the landing of George V for his coronation as the Emperor of India in December 1911 at Strand Road near Wellington Fountain."
Monuments,Gateway of India,2,../Image Data/Monuments/train/Gateway of India/60.jpg,"mumbai, india gate, mumbai harbor, basalt arch, 20th-century, british raj, historical monument, indian independence, victory arch, rajpath avenue, landmark structure, tourist attraction, arabian sea, historical gateway, british architecture, colonial legacy, indian heritage, gateway to india, indian tourism, historical site","The Gateway of India is an arch-monument completed in 1924 on the waterfront of Mumbai (Bombay), India. It was erected to commemorate the landing of George V for his coronation as the Emperor of India in December 1911 at Strand Road near Wellington Fountain."
Monuments,Gateway of India,1,../Image Data/Monuments/train/Gateway of India/34.jpg,"mumbai, india gate, mumbai harbor, basalt arch, 20th-century, british raj, historical monument, indian independence, victory arch, rajpath avenue, landmark structure, tourist attraction, arabian sea, historical gateway, british architecture, colonial legacy, indian heritage, gateway to india, indian tourism, historical site","The Gateway of India is an arch-monument completed in 1924 on the waterfront of Mumbai (Bombay), India. It was erected to commemorate the landing of George V for his coronation as the Emperor of India in December 1911 at Strand Road near Wellington Fountain."
Monuments,Humayun_s Tomb,2,../Image Data/Monuments/train/Humayun_s Tomb/64.jpg,"delhi, Humayuns Tomb, mughal architecture, unesco world heritage site, garden tomb, persian influence, prototype for taj mahal, mughal emperor, mughal history, mughal era, mughal capital, mughal legacy, mughal culture, mughal art, mughal design, mughal style, mughal garden, mughal emperor, mughal architecture, mughal history, mughal era","Humayun's tomb (Persian: Maqbara-i Humayun) is the tomb of Mughal emperor, Mirza Nasir al-Din Muhammad commonly known as Humayun situated in Delhi, India"
Monuments,Humayun_s Tomb,0,../Image Data/Monuments/train/Humayun_s Tomb/76.jpg,"delhi, Humayuns Tomb, mughal architecture, unesco world heritage site, garden tomb, persian influence, prototype for taj mahal, mughal emperor, mughal history, mughal era, mughal capital, mughal legacy, mughal culture, mughal art, mughal design, mughal style, mughal garden, mughal emperor, mughal architecture, mughal history, mughal era","Humayun's tomb (Persian: Maqbara-i Humayun) is the tomb of Mughal emperor, Mirza Nasir al-Din Muhammad commonly known as Humayun situated in Delhi, India"
Monuments,Humayun_s Tomb,1,../Image Data/Monuments/train/Humayun_s Tomb/23.jpg,"delhi, Humayuns Tomb, mughal architecture, unesco world heritage site, garden tomb, persian influence, prototype for taj mahal, mughal emperor, mughal history, mughal era, mughal capital, mughal legacy, mughal culture, mughal art, mughal design, mughal style, mughal garden, mughal emperor, mughal architecture, mughal history, mughal era","Humayun's tomb (Persian: Maqbara-i Humayun) is the tomb of Mughal emperor, Mirza Nasir al-Din Muhammad commonly known as Humayun situated in Delhi, India"
Monuments,Khajuraho,0,../Image Data/Monuments/train/Khajuraho/img12.jpg,"madhya pradesh, Khajuraho, temple complex, chandela dynasty, nagara-style architectural symbolism, unesco world heritage site, erotic sculptures, jain temples, hinduism, medieval temple art, kamasutra reliefs, architectural brilliance, cultural astronomy, ancient erotica, granite and sandstone, symmetry in architecture, intricate carvings, cultural evolution, mythological depictions, pinnacle of indian architecture, indological studies","The Khajuraho Group of Monuments are a group of Hindu and Jain temples in Chhatarpur district, Madhya Pradesh, India"
Monuments,Khajuraho,2,../Image Data/Monuments/train/Khajuraho/img21.jpg,"madhya pradesh, Khajuraho, temple complex, chandela dynasty, nagara-style architectural symbolism, unesco world heritage site, erotic sculptures, jain temples, hinduism, medieval temple art, kamasutra reliefs, architectural brilliance, cultural astronomy, ancient erotica, granite and sandstone, symmetry in architecture, intricate carvings, cultural evolution, mythological depictions, pinnacle of indian architecture, indological studies","The Khajuraho Group of Monuments are a group of Hindu and Jain temples in Chhatarpur district, Madhya Pradesh, India"
Monuments,Khajuraho,1,../Image Data/Monuments/train/Khajuraho/img5.jpg,"madhya pradesh, Khajuraho, temple complex, chandela dynasty, nagara-style architectural symbolism, unesco world heritage site, erotic sculptures, jain temples, hinduism, medieval temple art, kamasutra reliefs, architectural brilliance, cultural astronomy, ancient erotica, granite and sandstone, symmetry in architecture, intricate carvings, cultural evolution, mythological depictions, pinnacle of indian architecture, indological studies","The Khajuraho Group of Monuments are a group of Hindu and Jain temples in Chhatarpur district, Madhya Pradesh, India"
Monuments,Khajuraho,3,../Image Data/Monuments/train/Khajuraho/img3.jpg,"madhya pradesh,  Khajuraho, temple complex, chandela dynasty, nagara-style architectural symbolism, unesco world heritage site, erotic sculptures, jain temples, hinduism, medieval temple art, kamasutra reliefs, architectural brilliance, cultural astronomy, ancient erotica, granite and sandstone, symmetry in architecture, intricate carvings, cultural evolution, mythological depictions, pinnacle of indian architecture, indological studies","The Khajuraho Group of Monuments are a group of Hindu and Jain temples in Chhatarpur district, Madhya Pradesh, India"
Monuments,Sun Temple Konark,0,../Image Data/Monuments/train/Sun Temple Konark/(72).jpg,"odisha, Sun Temple Konark, konark sun temple, surya temple, unesco world heritage site, chariot temple, kalinga architecture, sun god, surya deva, astronomical significance, archaeological marvel, historical monument, hindu temple, religious architecture, stone carvings, architectural grandeur, historical site, cultural heritage, archaeological site, sun worship, konark beach","Konark Sun Temple is a 13th-century CE Hindu Sun temple at Konark about 35 kilometres (22 mi) northeast from Puri city on the coastline in Puri district, Odisha, India"
Monuments,Sun Temple Konark,2,../Image Data/Monuments/train/Sun Temple Konark/(138).jpg,"odisha, Sun Temple Konark, konark sun temple, surya temple, unesco world heritage site, chariot temple, kalinga architecture, sun god, surya deva, astronomical significance, archaeological marvel, historical monument, hindu temple, religious architecture, stone carvings, architectural grandeur, historical site, cultural heritage, archaeological site, sun worship, konark beach","Konark Sun Temple is a 13th-century CE Hindu Sun temple at Konark about 35 kilometres (22 mi) northeast from Puri city on the coastline in Puri district, Odisha, India"
Monuments,Sun Temple Konark,1,../Image Data/Monuments/train/Sun Temple Konark/(48).jpg,"odisha, Sun Temple Konark, konark sun temple, surya temple, unesco world heritage site, chariot temple, kalinga architecture, sun god, surya deva, astronomical significance, archaeological marvel, historical monument, hindu temple, religious architecture, stone carvings, architectural grandeur, historical site, cultural heritage, archaeological site, sun worship, konark beach","Konark Sun Temple is a 13th-century CE Hindu Sun temple at Konark about 35 kilometres (22 mi) northeast from Puri city on the coastline in Puri district, Odisha, India"
Monuments,mysore_palace,0,../Image Data/Monuments/train/mysore_palace/55.jpg,"karnataka, mysore palace, mysore, royal palace, wodeyar dynasty, indo-saracenic architecture, dussehra festival, royal residence, chamundi hills, palace architecture, royal heritage, cultural landmark, historical monument, royal family, royal history, royal patronage, royal architecture, royal lifestyle, royal culture, royal tradition, royal legacy","Mysore Palace, also known as Amba Vilas Palace, is a historical palace and a royal residence (house). It is located in Mysore, Karnataka, India. It used to be the official residence of the Wadiyar dynasty and the seat of the Kingdom of Mysore."
Monuments,mysore_palace,1,../Image Data/Monuments/train/mysore_palace/49.jpg,"karnataka, mysore palace, mysore, royal palace, wodeyar dynasty, indo-saracenic architecture, dussehra festival, royal residence, chamundi hills, palace architecture, royal heritage, cultural landmark, historical monument, royal family, royal history, royal patronage, royal architecture, royal lifestyle, royal culture, royal tradition, royal legacy","Mysore Palace, also known as Amba Vilas Palace, is a historical palace and a royal residence (house). It is located in Mysore, Karnataka, India. It used to be the official residence of the Wadiyar dynasty and the seat of the Kingdom of Mysore."
Monuments,mysore_palace,2,../Image Data/Monuments/train/mysore_palace/87.jpg,"karnataka, mysore palace, mysore, royal palace, wodeyar dynasty, indo-saracenic architecture, dussehra festival, royal residence, chamundi hills, palace architecture, royal heritage, cultural landmark, historical monument, royal family, royal history, royal patronage, royal architecture, royal lifestyle, royal culture, royal tradition, royal legacy","Mysore Palace, also known as Amba Vilas Palace, is a historical palace and a royal residence (house). It is located in Mysore, Karnataka, India. It used to be the official residence of the Wadiyar dynasty and the seat of the Kingdom of Mysore."
Monuments,iron_pillar,1,../Image Data/Monuments/train/iron_pillar/img704.jpg,"mehrauli, iron pillar, corrosion resistance, metallurgical curiosity, gupta empire, sanscrit inscription, iron metallurgy, qutub complex, chandragupta ii, rust proof, ancient craftsmanship, historical enigma, monolithic structure, traditional smithing, cultural significance, archaeological study, pillar cult, ancient technology, heritage conservation, indological research, tourist landmark","The iron pillar of Delhi is a structure 7.21 metres (23 feet 8 inches) high with a 41-centimetre (16 in) diameter that was constructed by Chandragupta II (reigned c. 375415 CE), and now stands in the Qutub complex at Mehrauli in Delhi, India"
Monuments,iron_pillar,0,../Image Data/Monuments/train/iron_pillar/img628.jpg,"mehrauli, iron pillar, corrosion resistance, metallurgical curiosity, gupta empire, sanscrit inscription, iron metallurgy, qutub complex, chandragupta ii, rust proof, ancient craftsmanship, historical enigma, monolithic structure, traditional smithing, cultural significance, archaeological study, pillar cult, ancient technology, heritage conservation, indological research, tourist landmark","The iron pillar of Delhi is a structure 7.21 metres (23 feet 8 inches) high with a 41-centimetre (16 in) diameter that was constructed by Chandragupta II (reigned c. 375415 CE), and now stands in the Qutub complex at Mehrauli in Delhi, India"
Monuments,iron_pillar,2,../Image Data/Monuments/train/iron_pillar/img612.jpg,"mehrauli, iron pillar, corrosion resistance, metallurgical curiosity, gupta empire, sanscrit inscription, iron metallurgy, qutub complex, chandragupta ii, rust proof, ancient craftsmanship, historical enigma, monolithic structure, traditional smithing, cultural significance, archaeological study, pillar cult, ancient technology, heritage conservation, indological research, tourist landmark","The iron pillar of Delhi is a structure 7.21 metres (23 feet 8 inches) high with a 41-centimetre (16 in) diameter that was constructed by Chandragupta II (reigned c. 375415 CE), and now stands in the Qutub complex at Mehrauli in Delhi, India"
Monuments,India gate pics,1,../Image Data/Monuments/train/India gate pics/i (60).jpg,"new delhi, war memorial, india gate, martyrs memorial, amar jawan jyoti, eternal flame, world war i, victory arch, rajpath avenue, national monument, all india war memorial, indian army, indian soldiers, patriotic symbol, military sacrifice, martyrs tribute, national pride, historical landmark, architectural marvel, delhi tourism","The India Gate (formerly known as All India War Memorial) is a war memorial located near the Kartavya path on the eastern edge of the 'ceremonial axis' of New Delhi, formerly called Rajpath"
Monuments,India gate pics,0,../Image Data/Monuments/train/India gate pics/i (23).jpg,"new delhi, war memorial, india gate, martyrs memorial, amar jawan jyoti, eternal flame, world war i, victory arch, rajpath avenue, national monument, all india war memorial, indian army, indian soldiers, patriotic symbol, military sacrifice, martyrs tribute, national pride, historical landmark, architectural marvel, delhi tourism","The India Gate (formerly known as All India War Memorial) is a war memorial located near the Kartavya path on the eastern edge of the 'ceremonial axis' of New Delhi, formerly called Rajpath"
Monuments,India gate pics,2,../Image Data/Monuments/train/India gate pics/i (16).jpg,"new delhi, war memorial, india gate, martyrs memorial, amar jawan jyoti, eternal flame, world war i, victory arch, rajpath avenue, national monument, all india war memorial, indian army, indian soldiers, patriotic symbol, military sacrifice, martyrs tribute, national pride, historical landmark, architectural marvel, delhi tourism","The India Gate (formerly known as All India War Memorial) is a war memorial located near the Kartavya path on the eastern edge of the 'ceremonial axis' of New Delhi, formerly called Rajpath"
Monuments,Fatehpur Sikri,3,../Image Data/Monuments/train/Fatehpur Sikri/29.jpg,"agra, Fatehpur Sikri, mughal architecture, unesco world heritage, red sandstone, akbar the great, buland darwaza, fatehpur sikri fort, mughal empire, historical site, mughal history, mughal era, mughal emperor, mughal capital, mughal city, mughal palace, mughal legacy, mughal culture, mughal art, mughal design, mughal style","Fatehpur Sikri is a town in the Agra District of Uttar Pradesh, India. The city itself was founded as the capital of Mughal Empire in 1571 by Emperor Akbar, serving this role from 1571 to 1585, when Akbar abandoned it due to a campaign in Punjab and was later completely abandoned in 1610."
Monuments,Fatehpur Sikri,1,../Image Data/Monuments/train/Fatehpur Sikri/26.jpg,"agra, Fatehpur Sikri, mughal architecture, unesco world heritage, red sandstone, akbar the great, buland darwaza, fatehpur sikri fort, mughal empire, historical site, mughal history, mughal era, mughal emperor, mughal capital, mughal city, mughal palace, mughal legacy, mughal culture, mughal art, mughal design, mughal style","Fatehpur Sikri is a town in the Agra District of Uttar Pradesh, India. The city itself was founded as the capital of Mughal Empire in 1571 by Emperor Akbar, serving this role from 1571 to 1585, when Akbar abandoned it due to a campaign in Punjab and was later completely abandoned in 1610."
Monuments,Fatehpur Sikri,0,../Image Data/Monuments/train/Fatehpur Sikri/27.jpg,"agra, Fatehpur Sikri, mughal architecture, unesco world heritage, red sandstone, akbar the great, buland darwaza, fatehpur sikri fort, mughal empire, historical site, mughal history, mughal era, mughal emperor, mughal capital, mughal city, mughal palace, mughal legacy, mughal culture, mughal art, mughal design, mughal style","Fatehpur Sikri is a town in the Agra District of Uttar Pradesh, India. The city itself was founded as the capital of Mughal Empire in 1571 by Emperor Akbar, serving this role from 1571 to 1585, when Akbar abandoned it due to a campaign in Punjab and was later completely abandoned in 1610."
Monuments,Fatehpur Sikri,2,../Image Data/Monuments/train/Fatehpur Sikri/41.jpg,"agra, Fatehpur Sikri, mughal architecture, unesco world heritage, red sandstone, akbar the great, buland darwaza, fatehpur sikri fort, mughal empire, historical site, mughal history, mughal era, mughal emperor, mughal capital, mughal city, mughal palace, mughal legacy, mughal culture, mughal art, mughal design, mughal style","Fatehpur Sikri is a town in the Agra District of Uttar Pradesh, India. The city itself was founded as the capital of Mughal Empire in 1571 by Emperor Akbar, serving this role from 1571 to 1585, when Akbar abandoned it due to a campaign in Punjab and was later completely abandoned in 1610."
Monuments,alai_minar,2,../Image Data/Monuments/train/alai_minar/img19.jpg,"unfinished minaret,  alai minar, alauddin khalji, qutub complex, delhi, red sandstone, mughal architecture, double the height of qutub minar, khalji dynasty, historical site, islamic monument, archaeological remains, megalithic structure, medieval india, ambitious project, ruins, cultural heritage, tourist spot, architectural history, imperial vision, monumental tower","The Alai Minar is an unfinished, incompleted victory tower, started by Alauddin Khalji, the second ruler of the Khalji dynasty, in 1311 CE. The tower is located in the Qutb complex in Delhi, India."
Monuments,alai_minar,1,../Image Data/Monuments/train/alai_minar/img94.jpg,"unfinished minaret, alai minar, alauddin khalji, qutub complex, delhi, red sandstone, mughal architecture, double the height of qutub minar, khalji dynasty, historical site, islamic monument, archaeological remains, megalithic structure, medieval india, ambitious project, ruins, cultural heritage, tourist spot, architectural history, imperial vision, monumental tower","The Alai Minar is an unfinished, incompleted victory tower, started by Alauddin Khalji, the second ruler of the Khalji dynasty, in 1311 CE. The tower is located in the Qutb complex in Delhi, India."
Monuments,alai_minar,0,../Image Data/Monuments/train/alai_minar/img108.jpg,"unfinished minaret, alai minar, alauddin khalji, qutub complex, delhi, red sandstone, mughal architecture, double the height of qutub minar, khalji dynasty, historical site, islamic monument, archaeological remains, megalithic structure, medieval india, ambitious project, ruins, cultural heritage, tourist spot, architectural history, imperial vision, monumental tower","The Alai Minar is an unfinished, incompleted victory tower, started by Alauddin Khalji, the second ruler of the Khalji dynasty, in 1311 CE. The tower is located in the Qutb complex in Delhi, India."
Monuments,hawa mahal pics,1,../Image Data/Monuments/train/hawa mahal pics/m (79).jpg,"palace of winds, hawa mahal, jaipur, rajasthan, pink city, rajput architecture, red and pink sandstone, royal ladies, privacy screen, 953 windows, lattice work, five storeys, cultural icon, indian palaces, maharaja sawai pratap singh, 1799 ce, vedic architecture, iconic facade, historical architecture, royal heritage, tourist attraction","Hawa Mahal is a palace in Jaipur, India. It is constructed of red and pink sandstone. The palace sits on the edge of the City Palace, Jaipur, and extends to the zenana"
Monuments,hawa mahal pics,0,../Image Data/Monuments/train/hawa mahal pics/images-47.jpeg,"palace of winds,  hawa mahal, jaipur, rajasthan, pink city, rajput architecture, red and pink sandstone, royal ladies, privacy screen, 953 windows, lattice work, five storeys, cultural icon, indian palaces, maharaja sawai pratap singh, 1799 ce, vedic architecture, iconic facade, historical architecture, royal heritage, tourist attraction","Hawa Mahal is a palace in Jaipur, India. It is constructed of red and pink sandstone. The palace sits on the edge of the City Palace, Jaipur, and extends to the zenana"
Monuments,hawa mahal pics,2,../Image Data/Monuments/train/hawa mahal pics/images-78.jpeg,"palace of winds, hawa mahal, jaipur, rajasthan, pink city, rajput architecture, red and pink sandstone, royal ladies, privacy screen, 953 windows, lattice work, five storeys, cultural icon, indian palaces, maharaja sawai pratap singh, 1799 ce, vedic architecture, iconic facade, historical architecture, royal heritage, tourist attraction","Hawa Mahal is a palace in Jaipur, India. It is constructed of red and pink sandstone. The palace sits on the edge of the City Palace, Jaipur, and extends to the zenana"
Monuments,hawa mahal pics,3,../Image Data/Monuments/train/hawa mahal pics/m (43).jpg,"palace of winds, hawa mahal, jaipur, rajasthan, pink city, rajput architecture, red and pink sandstone, royal ladies, privacy screen, 953 windows, lattice work, five storeys, cultural icon, indian palaces, maharaja sawai pratap singh, 1799 ce, vedic architecture, iconic facade, historical architecture, royal heritage, tourist attraction","Hawa Mahal is a palace in Jaipur, India. It is constructed of red and pink sandstone. The palace sits on the edge of the City Palace, Jaipur, and extends to the zenana"
Monuments,Ajanta Caves,2,../Image Data/Monuments/train/Ajanta Caves/(27).jpg,"buddhist rock-cut caves, Ajanta Caves, aurangabad, unesco world heritage site, ancient frescoes, wall paintings, jataka tales, bodhisattva, monastic life, archaeological art, historic manuscripts, indian mural tradition, buddhist heritage, silk route, cave sanctuaries, iconography, religious devotion, cave temple, early buddhist architecture, tourist attraction, archaeological conservation","The Ajanta Caves are 30 rock-cut Buddhist cave monuments which date from the 2nd century BCE to about 480 CE in Aurangabad district of Maharashtra state of India."
Monuments,Ajanta Caves,3,../Image Data/Monuments/train/Ajanta Caves/(89).jpg,"buddhist rock-cut caves, Ajanta Caves, aurangabad, unesco world heritage site, ancient frescoes, wall paintings, jataka tales, bodhisattva, monastic life, archaeological art, historic manuscripts, indian mural tradition, buddhist heritage, silk route, cave sanctuaries, iconography, religious devotion, cave temple, early buddhist architecture, tourist attraction, archaeological conservation","The Ajanta Caves are 30 rock-cut Buddhist cave monuments which date from the 2nd century BCE to about 480 CE in Aurangabad district of Maharashtra state of India."
Monuments,Ajanta Caves,1,../Image Data/Monuments/train/Ajanta Caves/(64).jpg,"buddhist rock-cut caves, Ajanta Caves, aurangabad, unesco world heritage site, ancient frescoes, wall paintings, jataka tales, bodhisattva, monastic life, archaeological art, historic manuscripts, indian mural tradition, buddhist heritage, silk route, cave sanctuaries, iconography, religious devotion, cave temple, early buddhist architecture, tourist attraction, archaeological conservation","The Ajanta Caves are 30 rock-cut Buddhist cave monuments which date from the 2nd century BCE to about 480 CE in Aurangabad district of Maharashtra state of India."
Monuments,Ajanta Caves,0,../Image Data/Monuments/train/Ajanta Caves/(26).jpg,"buddhist rock-cut caves, Ajanta Caves, aurangabad, unesco world heritage site, ancient frescoes, wall paintings, jataka tales, bodhisattva, monastic life, archaeological art, historic manuscripts, indian mural tradition, buddhist heritage, silk route, cave sanctuaries, iconography, religious devotion, cave temple, early buddhist architecture, tourist attraction, archaeological conservation","The Ajanta Caves are 30 rock-cut Buddhist cave monuments which date from the 2nd century BCE to about 480 CE in Aurangabad district of Maharashtra state of India."
Monuments,alai_darwaza,0,../Image Data/Monuments/train/alai_darwaza/img151.jpg,"gateway, alai darwaza, qutub complex, delhi, alauddin khalji, red sandstone, islamic architecture, decorative motifs, mughal art, horseshoe arch, blue tiles, inscription panels, indian monuments, 13th century, indo-islamic fusion, domed entrance, architectural ornamentation, heritage site, restoration work, cultural syncretism, medieval india","The Alai Darwaza is the main gateway from southern side of the Quwwat-ul-Islam Mosque. It was built by the second Khilji Sultan of Delhi, Ala-ud-din Khilji in 1311 AD, who also added a court to the pillared to the eastern side."
Monuments,alai_darwaza,1,../Image Data/Monuments/train/alai_darwaza/img32.jpg,"gateway, alai darwaza, qutub complex, delhi, alauddin khalji, red sandstone, islamic architecture, decorative motifs, mughal art, horseshoe arch, blue tiles, inscription panels, indian monuments, 13th century, indo-islamic fusion, domed entrance, architectural ornamentation, heritage site, restoration work, cultural syncretism, medieval india","The Alai Darwaza is the main gateway from southern side of the Quwwat-ul-Islam Mosque. It was built by the second Khilji Sultan of Delhi, Ala-ud-din Khilji in 1311 AD, who also added a court to the pillared to the eastern side."
Monuments,alai_darwaza,2,../Image Data/Monuments/train/alai_darwaza/img20.jpg,"gateway, alai darwaza, qutub complex, delhi, alauddin khalji, red sandstone, islamic architecture, decorative motifs, mughal art, horseshoe arch, blue tiles, inscription panels, indian monuments, 13th century, indo-islamic fusion, domed entrance, architectural ornamentation, heritage site, restoration work, cultural syncretism, medieval india","The Alai Darwaza is the main gateway from southern side of the Quwwat-ul-Islam Mosque. It was built by the second Khilji Sultan of Delhi, Ala-ud-din Khilji in 1311 AD, who also added a court to the pillared to the eastern side."
Monuments,tanjavur temple,1,../Image Data/Monuments/train/tanjavur temple/69.jpg,"brihadeeswarar temple, tanjavur temple, tamil nadu, unesco world heritage site, chola dynasty, dravidian architecture, great living chola temples, 1010 ce, rajendra chola i, vast compound, nandi bull, gopuram, granite carvings, sacred complex, shaivism, indian temples, southern india, architectural marvel, cultural icon, religious pilgrimage, ancient engineering","The Brihadeeswarar Temple aka tanjavur temple, also known as Rajarajesvaram or Peruvudaiyar Kovil, is a Hindu temple dedicated to Shiva located in Thanjavur, Tamil Nadu, India. It is one of the largest South Indian temples and an exemplary example of a fully realized Dravidian architecture."
Monuments,tanjavur temple,0,../Image Data/Monuments/train/tanjavur temple/35.jpg,"brihadeeswarar temple, tanjavur temple, tamil nadu, unesco world heritage site, chola dynasty, dravidian architecture, great living chola temples, 1010 ce, rajendra chola i, vast compound, nandi bull, gopuram, granite carvings, sacred complex, shaivism, indian temples, southern india, architectural marvel, cultural icon, religious pilgrimage, ancient engineering","The Brihadeeswarar Temple aka tanjavur temple, also known as Rajarajesvaram or Peruvudaiyar Kovil, is a Hindu temple dedicated to Shiva located in Thanjavur, Tamil Nadu, India. It is one of the largest South Indian temples and an exemplary example of a fully realized Dravidian architecture."
Monuments,tanjavur temple,3,../Image Data/Monuments/train/tanjavur temple/49.jpeg,"brihadeeswarar temple, tanjavur temple, tamil nadu, unesco world heritage site, chola dynasty, dravidian architecture, great living chola temples, 1010 ce, rajendra chola i, vast compound, nandi bull, gopuram, granite carvings, sacred complex, shaivism, indian temples, southern india, architectural marvel, cultural icon, religious pilgrimage, ancient engineering","The Brihadeeswarar Temple aka tanjavur temple, also known as Rajarajesvaram or Peruvudaiyar Kovil, is a Hindu temple dedicated to Shiva located in Thanjavur, Tamil Nadu, India. It is one of the largest South Indian temples and an exemplary example of a fully realized Dravidian architecture."
Monuments,tanjavur temple,2,../Image Data/Monuments/train/tanjavur temple/52.jpg,"brihadeeswarar temple, tanjavur temple, tamil nadu, unesco world heritage site, chola dynasty, dravidian architecture, great living chola temples, 1010 ce, rajendra chola i, vast compound, nandi bull, gopuram, granite carvings, sacred complex, shaivism, indian temples, southern india, architectural marvel, cultural icon, religious pilgrimage, ancient engineering","The Brihadeeswarar Temple aka tanjavur temple, also known as Rajarajesvaram or Peruvudaiyar Kovil, is a Hindu temple dedicated to Shiva located in Thanjavur, Tamil Nadu, India. It is one of the largest South Indian temples and an exemplary example of a fully realized Dravidian architecture."
Dance,kuchipudi,2,../Image Data/Dance/train/kuchipudi/377.jpg,"indian classical dance, kuchipudi, andhra pradesh, vocal narrative, expressive eyes, quick footwork, lively movements, drama, vaachika abhinaya, tarangam, jatis, bhama kalapam, siddhendra yogi, vedic chants, carved idols, temporal beauty, silk sarees, tradition, performance, mythological tales, religious themes","Kuchipudi is a Classical Indian dance form from Andhra Pradesh, India. It is also popular all over South India. Kuchipudi is the name of a village in the Divi Taluka of Krishna district that borders the Bay of Bengal and with resident Brahmins practicing this traditional dance form, it acquired the present name."
Dance,kuchipudi,0,../Image Data/Dance/train/kuchipudi/425.jpg,"indian classical dance, kuchipudi, andhra pradesh, vocal narrative, expressive eyes, quick footwork, lively movements, drama, vaachika abhinaya, tarangam, jatis, bhama kalapam, siddhendra yogi, vedic chants, carved idols, temporal beauty, silk sarees, tradition, performance, mythological tales, religious themes","Kuchipudi is a Classical Indian dance form from Andhra Pradesh, India. It is also popular all over South India. Kuchipudi is the name of a village in the Divi Taluka of Krishna district that borders the Bay of Bengal and with resident Brahmins practicing this traditional dance form, it acquired the present name."
Dance,kuchipudi,4,../Image Data/Dance/train/kuchipudi/381.jpg,"indian classical dance, kuchipudi, andhra pradesh, vocal narrative, expressive eyes, quick footwork, lively movements, drama, vaachika abhinaya, tarangam, jatis, bhama kalapam, siddhendra yogi, vedic chants, carved idols, temporal beauty, silk sarees, tradition, performance, mythological tales, religious themes","Kuchipudi is a Classical Indian dance form from Andhra Pradesh, India. It is also popular all over South India. Kuchipudi is the name of a village in the Divi Taluka of Krishna district that borders the Bay of Bengal and with resident Brahmins practicing this traditional dance form, it acquired the present name."
Dance,kuchipudi,1,../Image Data/Dance/train/kuchipudi/393.jpg,"indian classical dance, kuchipudi, andhra pradesh, vocal narrative, expressive eyes, quick footwork, lively movements, drama, vaachika abhinaya, tarangam, jatis, bhama kalapam, siddhendra yogi, vedic chants, carved idols, temporal beauty, silk sarees, tradition, performance, mythological tales, religious themes","Kuchipudi is a Classical Indian dance form from Andhra Pradesh, India. It is also popular all over South India. Kuchipudi is the name of a village in the Divi Taluka of Krishna district that borders the Bay of Bengal and with resident Brahmins practicing this traditional dance form, it acquired the present name."
Dance,kuchipudi,3,../Image Data/Dance/train/kuchipudi/435.jpg,"indian classical dance, kuchipudi, andhra pradesh, vocal narrative, expressive eyes, quick footwork, lively movements, drama, vaachika abhinaya, tarangam, jatis, bhama kalapam, siddhendra yogi, vedic chants, carved idols, temporal beauty, silk sarees, tradition, performance, mythological tales, religious themes","Kuchipudi is a Classical Indian dance form from Andhra Pradesh, India. It is also popular all over South India. Kuchipudi is the name of a village in the Divi Taluka of Krishna district that borders the Bay of Bengal and with resident Brahmins practicing this traditional dance form, it acquired the present name."
Dance,kathak,0,../Image Data/Dance/train/kathak/39.jpg,"indian classical dance, kathak, storytelling, ghungroos, north india, nritta, nritya, abhinaya, footwork, spins, rhythmic patterns, expressive mime, technical purity, bells, dynamic flow, thumri, ghazals, bhajans, tarana, costumes, heritage","Kathak is one of the eight major forms of Indian classical dance. The origin of Kathak is traditionally attributed to the traveling bards of ancient northern India known as Kathakars or storytellers. The term Kathak is derived from the Vedic Sanskrit word Katha which means ""story"", and Kathaka which means ""the one who tells a story"", or ""to do with stories""."
Dance,kathak,3,../Image Data/Dance/train/kathak/7.jpg,"indian classical dance, kathak, storytelling, ghungroos, north india, nritta, nritya, abhinaya, footwork, spins, rhythmic patterns, expressive mime, technical purity, bells, dynamic flow, thumri, ghazals, bhajans, tarana, costumes, heritage","Kathak is one of the eight major forms of Indian classical dance. The origin of Kathak is traditionally attributed to the traveling bards of ancient northern India known as Kathakars or storytellers. The term Kathak is derived from the Vedic Sanskrit word Katha which means ""story"", and Kathaka which means ""the one who tells a story"", or ""to do with stories""."
Dance,kathak,2,../Image Data/Dance/train/kathak/4.jpg,"indian classical dance, kathak, storytelling, ghungroos, north india, nritta, nritya, abhinaya, footwork, spins, rhythmic patterns, expressive mime, technical purity, bells, dynamic flow, thumri, ghazals, bhajans, tarana, costumes, heritage","Kathak is one of the eight major forms of Indian classical dance. The origin of Kathak is traditionally attributed to the traveling bards of ancient northern India known as Kathakars or storytellers. The term Kathak is derived from the Vedic Sanskrit word Katha which means ""story"", and Kathaka which means ""the one who tells a story"", or ""to do with stories""."
Dance,kathak,1,../Image Data/Dance/train/kathak/12.jpg,"indian classical dance, kathak, storytelling, ghungroos, north india, nritta, nritya, abhinaya, footwork, spins, rhythmic patterns, expressive mime, technical purity, bells, dynamic flow, thumri, ghazals, bhajans, tarana, costumes, heritage","Kathak is one of the eight major forms of Indian classical dance. The origin of Kathak is traditionally attributed to the traveling bards of ancient northern India known as Kathakars or storytellers. The term Kathak is derived from the Vedic Sanskrit word Katha which means ""story"", and Kathaka which means ""the one who tells a story"", or ""to do with stories""."
Dance,bharatanatyam,3,../Image Data/Dance/train/bharatanatyam/168.jpg,"indian classical dance,bharatanatyam, tamil nadu, mudras, spiritual expression, temple tradition, carnatic music, alankar, precision, pure dance, solo performance, karanas, padams, javalis, bent knees, natya shastra, devadasis, spirituality, rigorous training, facial expressions, rhythmic accuracy","Bharataatyam or Bharathanatiyam is a major genre of Indian classical dance that originated in Tamil Nadu . Traditionally, Bharatanatyam has been a solo dance that was performed exclusively by women, and expressed Hindu religious themes and spiritual ideas, particularly of Shaivism, but also of Vaishnavism and Shaktism."
Dance,bharatanatyam,2,../Image Data/Dance/train/bharatanatyam/165.jpg,"indian classical dance, bharatanatyam,tamil nadu, mudras, spiritual expression, temple tradition, carnatic music, alankar, precision, pure dance, solo performance, karanas, padams, javalis, bent knees, natya shastra, devadasis, spirituality, rigorous training, facial expressions, rhythmic accuracy","Bharataatyam or Bharathanatiyam is a major genre of Indian classical dance that originated in Tamil Nadu . Traditionally, Bharatanatyam has been a solo dance that was performed exclusively by women, and expressed Hindu religious themes and spiritual ideas, particularly of Shaivism, but also of Vaishnavism and Shaktism."
Dance,bharatanatyam,1,../Image Data/Dance/train/bharatanatyam/122.jpg,"indian classical dance,bharatanatyam, tamil nadu, mudras, spiritual expression, temple tradition, carnatic music, alankar, precision, pure dance, solo performance, karanas, padams, javalis, bent knees, natya shastra, devadasis, spirituality, rigorous training, facial expressions, rhythmic accuracy","Bharataatyam or Bharathanatiyam is a major genre of Indian classical dance that originated in Tamil Nadu . Traditionally, Bharatanatyam has been a solo dance that was performed exclusively by women, and expressed Hindu religious themes and spiritual ideas, particularly of Shaivism, but also of Vaishnavism and Shaktism."
Dance,bharatanatyam,0,../Image Data/Dance/train/bharatanatyam/116.jpg,"indian classical dance,bharatanatyam, tamil nadu, mudras, spiritual expression, temple tradition, carnatic music, alankar, precision, pure dance, solo performance, karanas, padams, javalis, bent knees, natya shastra, devadasis, spirituality, rigorous training, facial expressions, rhythmic accuracy","Bharataatyam or Bharathanatiyam is a major genre of Indian classical dance that originated in Tamil Nadu . Traditionally, Bharatanatyam has been a solo dance that was performed exclusively by women, and expressed Hindu religious themes and spiritual ideas, particularly of Shaivism, but also of Vaishnavism and Shaktism."
Dance,kathakali,0,../Image Data/Dance/train/kathakali/214.jpg,"indian classical dance,kathakali, kerala, kathakali, vibrant makeup, elaborate costumes, gesture language, ritualistic, story play, facial expressions, kalaripayattu, eye movements, rama, mahabharata, sita, bhima, hand gestures, percussion, folk tales, cultural symbol, classical epics","Kathakali is one of the major forms of classical Indian dance. It is a story play genre of art, but one distinguished by the elaborately colourful make-up and costumes of the traditional male actor-dancers. It is native to the Malayalam-speaking southwestern region of Kerala and is almost entirely practiced by Malayali people."
Dance,kathakali,2,../Image Data/Dance/train/kathakali/209.jpg,"indian classical dance,kathakali, kerala, kathakali, vibrant makeup, elaborate costumes, gesture language, ritualistic, story play, facial expressions, kalaripayattu, eye movements, rama, mahabharata, sita, bhima, hand gestures, percussion, folk tales, cultural symbol, classical epics","Kathakali is one of the major forms of classical Indian dance. It is a story play genre of art, but one distinguished by the elaborately colourful make-up and costumes of the traditional male actor-dancers. It is native to the Malayalam-speaking southwestern region of Kerala and is almost entirely practiced by Malayali people."
Dance,kathakali,1,../Image Data/Dance/train/kathakali/227.jpg,"indian classical dance,kathakali, kerala, kathakali, vibrant makeup, elaborate costumes, gesture language, ritualistic, story play, facial expressions, kalaripayattu, eye movements, rama, mahabharata, sita, bhima, hand gestures, percussion, folk tales, cultural symbol, classical epics","Kathakali is one of the major forms of classical Indian dance. It is a story play genre of art, but one distinguished by the elaborately colourful make-up and costumes of the traditional male actor-dancers. It is native to the Malayalam-speaking southwestern region of Kerala and is almost entirely practiced by Malayali people."
Dance,odissi,3,../Image Data/Dance/train/odissi/501.jpg,"indian classical dance,odissi, orissa, tribhangi, devotional, spiritual, sculpturesque, odissi music, batu nrutya, mangalacharan, pallavi, abhinaya, expressive prowess, gotipua, mahari tradition, sanskrit hymns, lyrical grace, historical evolution, dedicated schools, costume jewelry, cultural preservation","Odissi, also referred to as Orissi in older literature, is a major ancient Indian classical dance that originated in the Hindu temples of Odisha  an eastern coastal state of India."
Dance,odissi,0,../Image Data/Dance/train/odissi/475.jpg,"indian classical dance, odissi,orissa, tribhangi, devotional, spiritual, sculpturesque, odissi music, batu nrutya, mangalacharan, pallavi, abhinaya, expressive prowess, gotipua, mahari tradition, sanskrit hymns, lyrical grace, historical evolution, dedicated schools, costume jewelry, cultural preservation","Odissi, also referred to as Orissi in older literature, is a major ancient Indian classical dance that originated in the Hindu temples of Odisha  an eastern coastal state of India."
Dance,odissi,2,../Image Data/Dance/train/odissi/452.jpg,"indian classical dance,odissi, orissa, tribhangi, devotional, spiritual, sculpturesque, odissi music, batu nrutya, mangalacharan, pallavi, abhinaya, expressive prowess, gotipua, mahari tradition, sanskrit hymns, lyrical grace, historical evolution, dedicated schools, costume jewelry, cultural preservation","Odissi, also referred to as Orissi in older literature, is a major ancient Indian classical dance that originated in the Hindu temples of Odisha  an eastern coastal state of India."
Dance,odissi,1,../Image Data/Dance/train/odissi/480.jpg,"indian classical dance,odissi, orissa, tribhangi, devotional, spiritual, sculpturesque, odissi music, batu nrutya, mangalacharan, pallavi, abhinaya, expressive prowess, gotipua, mahari tradition, sanskrit hymns, lyrical grace, historical evolution, dedicated schools, costume jewelry, cultural preservation","Odissi, also referred to as Orissi in older literature, is a major ancient Indian classical dance that originated in the Hindu temples of Odisha  an eastern coastal state of India."
Dance,mohiniyattam,2,../Image Data/Dance/train/mohiniyattam/253.jpg,"indian classical dance,mohiniyattam, kerala, femininity, lasya, sensuous, lyrical movements, solo performance, elegant costumes, sway of the body, vishnu, mohini, subtle abhinaya, gentle footwork, ghazals, bhajans, padams, carnatic ragas, expressive glances, dancers persona, graceful poise","Mohiniyattam, also spelled Mohiniattam, is one of two classical dances of India that developed and remain popular in the state of Kerala. This dance form is considered to be one of the most graceful and gentle of all the classical Indian dance forms."
Dance,mohiniyattam,1,../Image Data/Dance/train/mohiniyattam/272.jpg,"indian classical dance, mohiniyattam, kerala, femininity, lasya, sensuous, lyrical movements, solo performance, elegant costumes, sway of the body, vishnu, mohini, subtle abhinaya, gentle footwork, ghazals, bhajans, padams, carnatic ragas, expressive glances, dancers persona, graceful poise","Mohiniyattam, also spelled Mohiniattam, is one of two classical dances of India that developed and remain popular in the state of Kerala. This dance form is considered to be one of the most graceful and gentle of all the classical Indian dance forms."
Dance,mohiniyattam,3,../Image Data/Dance/train/mohiniyattam/244.jpg,"indian classical dance, mohiniyattam, kerala, femininity, lasya, sensuous, lyrical movements, solo performance, elegant costumes, sway of the body, vishnu, mohini, subtle abhinaya, gentle footwork, ghazals, bhajans, padams, carnatic ragas, expressive glances, dancers persona, graceful poise","Mohiniyattam, also spelled Mohiniattam, is one of two classical dances of India that developed and remain popular in the state of Kerala. This dance form is considered to be one of the most graceful and gentle of all the classical Indian dance forms."
Dance,mohiniyattam,0,../Image Data/Dance/train/mohiniyattam/260.jpg,"indian classical dance, mohiniyattam, kerala, femininity, lasya, sensuous, lyrical movements, solo performance, elegant costumes, sway of the body, vishnu, mohini, subtle abhinaya, gentle footwork, ghazals, bhajans, padams, carnatic ragas, expressive glances, dancers persona, graceful poise","Mohiniyattam, also spelled Mohiniattam, is one of two classical dances of India that developed and remain popular in the state of Kerala. This dance form is considered to be one of the most graceful and gentle of all the classical Indian dance forms."
Dance,sattriya,1,../Image Data/Dance/train/sattriya/319.jpg,"indian classical dance, sattriya, assam, vaishnavite monasteries, devotional, drama dance, ankia naat, ritualistic, bhakti movement, ensemble, percussive rhythm, spiritual storytelling, xatriya tradition, classical purity, monastic origin, ornate costumes, borgeet, folk elements, vibrant theatre, historical plays, ritual dance","Sattriya or Sattriya Nritya, is one among eight principal classical Indian dance traditions. Where as some of the other traditions have been revived in the recent past, Sattriya has remained a living tradition since its creation by the founder of Vaishnavism in Assam, the great saint Srimanta Sankardeva, in 15th century Assam."
Dance,sattriya,0,../Image Data/Dance/train/sattriya/313.jpg,"indian classical dance, sattriya, assam, vaishnavite monasteries, devotional, drama dance, ankia naat, ritualistic, bhakti movement, ensemble, percussive rhythm, spiritual storytelling, xatriya tradition, classical purity, monastic origin, ornate costumes, borgeet, folk elements, vibrant theatre, historical plays, ritual dance","Sattriya or Sattriya Nritya, is one among eight principal classical Indian dance traditions. Where as some of the other traditions have been revived in the recent past, Sattriya has remained a living tradition since its creation by the founder of Vaishnavism in Assam, the great saint Srimanta Sankardeva, in 15th century Assam."
Dance,sattriya,2,../Image Data/Dance/train/sattriya/338.jpg,"indian classical dance,sattriya, assam, vaishnavite monasteries, devotional, drama dance, ankia naat, ritualistic, bhakti movement, ensemble, percussive rhythm, spiritual storytelling, xatriya tradition, classical purity, monastic origin, ornate costumes, borgeet, folk elements, vibrant theatre, historical plays, ritual dance","Sattriya or Sattriya Nritya, is one among eight principal classical Indian dance traditions. Where as some of the other traditions have been revived in the recent past, Sattriya has remained a living tradition since its creation by the founder of Vaishnavism in Assam, the great saint Srimanta Sankardeva, in 15th century Assam."
Dance,manipuri,0,../Image Data/Dance/train/manipuri/102.jpg,"indian classical dance, manipur, love stories, radha-krishna, gentle fluidity, rounded movements, devotional, tandava, lasya, raslila, pankhida, thougal jagoi, drum music, tribal influences, sankirtana, nupa pala, silk attire, dhol cholom, poetic charm, cultural festivals","Manipuri dance is one of the major Indian classical dance forms. It originates from Manipur, a state in northeastern India on the border with Myanmar (Burma). It is particularly known for its Hindu Vaishnavism themes, and exquisite performances of love-inspired dance drama of Radha-Krishna called Raslila."
Dance,manipuri,1,../Image Data/Dance/train/manipuri/94.jpg,"indian classical dance, manipur, love stories, radha-krishna, gentle fluidity, rounded movements, devotional, tandava, lasya, raslila, pankhida, thougal jagoi, drum music, tribal influences, sankirtana, nupa pala, silk attire, dhol cholom, poetic charm, cultural festivals","Manipuri dance is one of the major Indian classical dance forms. It originates from Manipur, a state in northeastern India on the border with Myanmar (Burma). It is particularly known for its Hindu Vaishnavism themes, and exquisite performances of love-inspired dance drama of Radha-Krishna called Raslila."
Dance,manipuri,2,../Image Data/Dance/train/manipuri/78.jpg,"indian classical dance, manipur, love stories, radha-krishna, gentle fluidity, rounded movements, devotional, tandava, lasya, raslila, pankhida, thougal jagoi, drum music, tribal influences, sankirtana, nupa pala, silk attire, dhol cholom, poetic charm, cultural festivals","Manipuri dance is one of the major Indian classical dance forms. It originates from Manipur, a state in northeastern India on the border with Myanmar (Burma). It is particularly known for its Hindu Vaishnavism themes, and exquisite performances of love-inspired dance drama of Radha-Krishna called Raslila."
Dance,manipuri,3,../Image Data/Dance/train/manipuri/84.jpg,"indian classical dance, manipur, love stories, radha-krishna, gentle fluidity, rounded movements, devotional, tandava, lasya, raslila, pankhida, thougal jagoi, drum music, tribal influences, sankirtana, nupa pala, silk attire, dhol cholom, poetic charm, cultural festivals","Manipuri dance is one of the major Indian classical dance forms. It originates from Manipur, a state in northeastern India on the border with Myanmar (Burma). It is particularly known for its Hindu Vaishnavism themes, and exquisite performances of love-inspired dance drama of Radha-Krishna called Raslila."
Paintings,Warli,0,../Image Data/Paintings/training/Warli/p158.jpg,"folk art, Warli, maharashtra, tribal culture, ritual paintings, daily life, nature, geometric patterns, white pigment, earthly tones, murals, cultural storytelling, minimalistic design, harvest scenes, tribal dance, sacred art, animistic beliefs, ecological harmony, symbolic representation, traditional motifs, community life","Warli painting is a style of tribal art mostly created by the tribal people from the North Sahyadri Range in India. This range encompasses cities such as Dahanu, Talasari, Jawhar, Palghar, Mokhada, and Vikramgad of Palghar district. This tribal art was originated in Maharashtra, where it is still practiced today."
Paintings,Warli,1,../Image Data/Paintings/training/Warli/p192.jpg,"folk art, Warli, maharashtra, tribal culture, ritual paintings, daily life, nature, geometric patterns, white pigment, earthly tones, murals, cultural storytelling, minimalistic design, harvest scenes, tribal dance, sacred art, animistic beliefs, ecological harmony, symbolic representation, traditional motifs, community life","Warli painting is a style of tribal art mostly created by the tribal people from the North Sahyadri Range in India. This range encompasses cities such as Dahanu, Talasari, Jawhar, Palghar, Mokhada, and Vikramgad of Palghar district. This tribal art was originated in Maharashtra, where it is still practiced today."
Paintings,Kangra,0,../Image Data/Paintings/training/Kangra/p124.jpg,"pahari painting, Kangra, kangra valley, radha-krishna, romantic themes, nature, miniatures, gita govinda, soft colors, detailed brushwork, courtly love, mythology, 16th century, delicate grace, floral motifs, mughal influence, spiritual romance, verdant landscapes, visual storytelling, traditional techniques, cultural heritage","Kangra painting is the pictorial art of Kangra, named after Kangra, Himachal Pradesh, a former princely state, which patronized the art. It became prevalent with the fading of Basohli school of painting in mid-18th century, and soon produced such a magnitude in paintings both in content as well as volume, that the Pahari painting school, came to be known as Kangra paintings."
Paintings,Kangra,1,../Image Data/Paintings/training/Kangra/p216.jpg,"pahari painting, Kangra, kangra valley, radha-krishna, romantic themes, nature, miniatures, gita govinda, soft colors, detailed brushwork, courtly love, mythology, 16th century, delicate grace, floral motifs, mughal influence, spiritual romance, verdant landscapes, visual storytelling, traditional techniques, cultural heritage","Kangra painting is the pictorial art of Kangra, named after Kangra, Himachal Pradesh, a former princely state, which patronized the art. It became prevalent with the fading of Basohli school of painting in mid-18th century, and soon produced such a magnitude in paintings both in content as well as volume, that the Pahari painting school, came to be known as Kangra paintings."
Paintings,Kangra,2,../Image Data/Paintings/training/Kangra/p145.jpg,"pahari painting, Kangra, kangra valley, radha-krishna, romantic themes, nature, miniatures, gita govinda, soft colors, detailed brushwork, courtly love, mythology, 16th century, delicate grace, floral motifs, mughal influence, spiritual romance, verdant landscapes, visual storytelling, traditional techniques, cultural heritage","Kangra painting is the pictorial art of Kangra, named after Kangra, Himachal Pradesh, a former princely state, which patronized the art. It became prevalent with the fading of Basohli school of painting in mid-18th century, and soon produced such a magnitude in paintings both in content as well as volume, that the Pahari painting school, came to be known as Kangra paintings."
Paintings,Kalamkari,2,../Image Data/Paintings/training/Kalamkari/p195.jpg,"hand-painted, Kalamkari, block-printed, andhra pradesh, natural dyes, mythological narratives, organic dyes, cotton fabric, ancient craft, srikalahasti style, vegetable dyes, tree of life, folk tales, storytelling cloth, durable pigments, indian epics, religious tapestries, artisans, painting with a pen, intricate design, cultural symbolism","Kalamkari or qalamkari is a type of hand-painted or block-printed cotton textile, produced in Indian states of Andhra Pradesh and Telangana. Only natural dyes are used in Kalamkari and it involves twenty-three steps. There are two distinctive styles of kalamkari art in India - Srikalahasti style and the Machilipatnam style."
Paintings,Kalamkari,3,../Image Data/Paintings/training/Kalamkari/p206.jpg,"hand-painted, Kalamkari, block-printed, andhra pradesh, natural dyes, mythological narratives, organic dyes, cotton fabric, ancient craft, srikalahasti style, vegetable dyes, tree of life, folk tales, storytelling cloth, durable pigments, indian epics, religious tapestries, artisans, painting with a pen, intricate design, cultural symbolism","Kalamkari or qalamkari is a type of hand-painted or block-printed cotton textile, produced in Indian states of Andhra Pradesh and Telangana. Only natural dyes are used in Kalamkari and it involves twenty-three steps. There are two distinctive styles of kalamkari art in India - Srikalahasti style and the Machilipatnam style."
Paintings,Kalamkari,0,../Image Data/Paintings/training/Kalamkari/p180.jpg,"hand-painted, Kalamkari, block-printed, andhra pradesh, natural dyes, mythological narratives, organic dyes, cotton fabric, ancient craft, srikalahasti style, vegetable dyes, tree of life, folk tales, storytelling cloth, durable pigments, indian epics, religious tapestries, artisans, painting with a pen, intricate design, cultural symbolism","Kalamkari or qalamkari is a type of hand-painted or block-printed cotton textile, produced in Indian states of Andhra Pradesh and Telangana. Only natural dyes are used in Kalamkari and it involves twenty-three steps. There are two distinctive styles of kalamkari art in India - Srikalahasti style and the Machilipatnam style."
Paintings,Kalamkari,1,../Image Data/Paintings/training/Kalamkari/p11.jpg,"hand-painted, Kalamkari, block-printed, andhra pradesh, natural dyes, mythological narratives, organic dyes, cotton fabric, ancient craft, srikalahasti style, vegetable dyes, tree of life, folk tales, storytelling cloth, durable pigments, indian epics, religious tapestries, artisans, painting with a pen, intricate design, cultural symbolism","Kalamkari or qalamkari is a type of hand-painted or block-printed cotton textile, produced in Indian states of Andhra Pradesh and Telangana. Only natural dyes are used in Kalamkari and it involves twenty-three steps. There are two distinctive styles of kalamkari art in India - Srikalahasti style and the Machilipatnam style."
Paintings,pattachitra,1,../Image Data/Paintings/training/pattachitra/p152.jpg,"orissa, pattachitra, traditional cloth, hand-painted, icon painting, hindu mythology, ritual art, detailed imagery, vibrant colors, canvas work, folk art, temple murals, chariots of deities, palm leaves, religious processions, craftsmanship, narrative visuals, cultural traditions, gods and goddesses, artisan communities, historical art form","Pattachitra is a general term for traditional, cloth-based scroll painting, based in the eastern Indian states of Odisha and West Bengal. Pattachitra artform is known for its intricate details as well as mythological narratives and folktales inscribed in it."
Paintings,pattachitra,0,../Image Data/Paintings/training/pattachitra/p145.jpg,"orissa, pattachitra, traditional cloth, hand-painted, icon painting, hindu mythology, ritual art, detailed imagery, vibrant colors, canvas work, folk art, temple murals, chariots of deities, palm leaves, religious processions, craftsmanship, narrative visuals, cultural traditions, gods and goddesses, artisan communities, historical art form","Pattachitra is a general term for traditional, cloth-based scroll painting, based in the eastern Indian states of Odisha and West Bengal. Pattachitra artform is known for its intricate details as well as mythological narratives and folktales inscribed in it."
Paintings,pattachitra,2,../Image Data/Paintings/training/pattachitra/p178.jpg,"orissa, pattachitra, traditional cloth, hand-painted, icon painting, hindu mythology, ritual art, detailed imagery, vibrant colors, canvas work, folk art, temple murals, chariots of deities, palm leaves, religious processions, craftsmanship, narrative visuals, cultural traditions, gods and goddesses, artisan communities, historical art form","Pattachitra is a general term for traditional, cloth-based scroll painting, based in the eastern Indian states of Odisha and West Bengal. Pattachitra artform is known for its intricate details as well as mythological narratives and folktales inscribed in it."
Paintings,Mural,0,../Image Data/Paintings/training/Mural/p73.jpg,"wall paintings, Mural, kerala, large scale, temple art, frescoes, historical depiction, religious motifs, public art, ancient technique, cultural narratives, architectural context, spiritual themes, mythological tales, colorful imagery, palace decorations, vast canvases, royal patronage, cave paintings, community engagement, artistic legacy","Mural painting is any piece of artwork painted or applied directly on a wall, ceiling or other permanent surfaces. A distinguishing characteristic of mural painting is that the architectural elements of the given space are harmoniously incorporated into the picture."
Paintings,Mural,2,../Image Data/Paintings/training/Mural/p170.jpg,"wall paintings, Mural, kerala, large scale, temple art, frescoes, historical depiction, religious motifs, public art, ancient technique, cultural narratives, architectural context, spiritual themes, mythological tales, colorful imagery, palace decorations, vast canvases, royal patronage, cave paintings, community engagement, artistic legacy","Mural painting is any piece of artwork painted or applied directly on a wall, ceiling or other permanent surfaces. A distinguishing characteristic of mural painting is that the architectural elements of the given space are harmoniously incorporated into the picture."
Paintings,Mural,1,../Image Data/Paintings/training/Mural/p75.jpg,"wall paintings, Mural, kerala, large scale, temple art, frescoes, historical depiction, religious motifs, public art, ancient technique, cultural narratives, architectural context, spiritual themes, mythological tales, colorful imagery, palace decorations, vast canvases, royal patronage, cave paintings, community engagement, artistic legacy","Mural painting is any piece of artwork painted or applied directly on a wall, ceiling or other permanent surfaces. A distinguishing characteristic of mural painting is that the architectural elements of the given space are harmoniously incorporated into the picture."
Paintings,Portrait,2,../Image Data/Paintings/training/Portrait/p147.jpg,"personal likeness, Portrait, oil painting, character study, emotional depth, visual biography, detailed rendition, human subject, realism, expression capture, artistic representation, pictorial narrative, facial expression, classic portraiture, aesthetic detail, individuality, artistic interpretation, cultural identity, symbolic elements, visual storytelling, commissioned artwork","A portrait is a painting, photograph, sculpture, or other artistic representation of a person, in which the face and its expression is predominant. The intent is to display the likeness, personality, and even the mood of the person."
Paintings,Portrait,0,../Image Data/Paintings/training/Portrait/p76.jpg,"personal likeness, Portrait, oil painting, character study, emotional depth, visual biography, detailed rendition, human subject, realism, expression capture, artistic representation, pictorial narrative, facial expression, classic portraiture, aesthetic detail, individuality, artistic interpretation, cultural identity, symbolic elements, visual storytelling, commissioned artwork","A portrait is a painting, photograph, sculpture, or other artistic representation of a person, in which the face and its expression is predominant. The intent is to display the likeness, personality, and even the mood of the person."
Paintings,Portrait,1,../Image Data/Paintings/training/Portrait/p64.jpg,"personal likeness, Portrait, oil painting, character study, emotional depth, visual biography, detailed rendition, human subject, realism, expression capture, artistic representation, pictorial narrative, facial expression, classic portraiture, aesthetic detail, individuality, artistic interpretation, cultural identity, symbolic elements, visual storytelling, commissioned artwork","A portrait is a painting, photograph, sculpture, or other artistic representation of a person, in which the face and its expression is predominant. The intent is to display the likeness, personality, and even the mood of the person."
Paintings,Portrait,3,../Image Data/Paintings/training/Portrait/p219.jpg,"personal likeness, Portrait, oil painting, character study, emotional depth, visual biography, detailed rendition, human subject, realism, expression capture, artistic representation, pictorial narrative, facial expression, classic portraiture, aesthetic detail, individuality, artistic interpretation, cultural identity, symbolic elements, visual storytelling, commissioned artwork","A portrait is a painting, photograph, sculpture, or other artistic representation of a person, in which the face and its expression is predominant. The intent is to display the likeness, personality, and even the mood of the person."
Paintings,Tanjore,2,../Image Data/Paintings/training/Tanjore/p175.jpg,"tamil nadu, gold leaf, Tanjore, glass beads, embossed art, religious themes, hindu gods, vivid colors, royal heritage, traditional canvas, rich ornamentation, precious stones, sacred artwork, dravidian architecture, spiritual iconography, luminous aura, cultural depiction, decorative motifs, divine portrayal, heritage craft, gallery display","Tanjore painting is a major form of classical South Indian painting from the town of Thanjavur in Tamil Nadu, India. The art form dates back to about 1600 AD, a period when Nayakas of Thanjavur encouraged art—chiefly, classical dance and music—as well as literature both in Telugu and Tamil."
Paintings,Tanjore,0,../Image Data/Paintings/training/Tanjore/p118.jpg,"tamil nadu, gold leaf, Tanjore, glass beads, embossed art, religious themes, hindu gods, vivid colors, royal heritage, traditional canvas, rich ornamentation, precious stones, sacred artwork, dravidian architecture, spiritual iconography, luminous aura, cultural depiction, decorative motifs, divine portrayal, heritage craft, gallery display","Tanjore painting is a major form of classical South Indian painting from the town of Thanjavur in Tamil Nadu, India. The art form dates back to about 1600 AD, a period when Nayakas of Thanjavur encouraged art—chiefly, classical dance and music—as well as literature both in Telugu and Tamil."
Paintings,Tanjore,1,../Image Data/Paintings/training/Tanjore/p176.jpg,"tamil nadu, gold leaf, Tanjore, glass beads, embossed art, religious themes, hindu gods, vivid colors, royal heritage, traditional canvas, rich ornamentation, precious stones, sacred artwork, dravidian architecture, spiritual iconography, luminous aura, cultural depiction, decorative motifs, divine portrayal, heritage craft, gallery display","Tanjore painting is a major form of classical South Indian painting from the town of Thanjavur in Tamil Nadu, India. The art form dates back to about 1600 AD, a period when Nayakas of Thanjavur encouraged art—chiefly, classical dance and music—as well as literature both in Telugu and Tamil."
Paintings,Madhubani,2,../Image Data/Paintings/training/Madhubani/p32.jpg,"bihar, mithila painting, Madhubani, folk art, natural pigments, geometric patterns, cultural expressions, bright colors, wedding rituals, floral animals, epic lore, tribal art, social occasions, fish and peacocks, village artisans, symbolic meanings, cultural motifs, environmental themes, handmade paper, traditional narratives, vibrant ecosystem","Madhubani art (or Mithila painting) is a style of Indian painting, practiced in the Mithila region of the Indian subcontinent. This painting is done with a variety of tools, including fingers, twigs, brushes, nib-pens, and matchsticks and using natural dyes and pigments."
Paintings,Madhubani,0,../Image Data/Paintings/training/Madhubani/p108.jpg,"bihar, mithila painting, Madhubani, folk art, natural pigments, geometric patterns, cultural expressions, bright colors, wedding rituals, floral animals, epic lore, tribal art, social occasions, fish and peacocks, village artisans, symbolic meanings, cultural motifs, environmental themes, handmade paper, traditional narratives, vibrant ecosystem","Madhubani art (or Mithila painting) is a style of Indian painting, practiced in the Mithila region of the Indian subcontinent. This painting is done with a variety of tools, including fingers, twigs, brushes, nib-pens, and matchsticks and using natural dyes and pigments."
